filename,width,height,class,xmin,ymin,xmax,ymax
doc_img1.png-000001.png,1240,1754,cross,114,257,136,280
doc_img1.png-000001.png,1240,1754,cross,310,940,332,963
doc_img1.png-000001.png,1240,1754,cross,392,1016,414,1039
doc_img10.png-000001.png,1240,1754,cross,102,159,154,209
doc_img10.png-000001.png,1240,1754,cross,101,258,153,308
doc_img10.png-000001.png,1240,1754,cross,98,438,150,488
doc_img10.png-000001.png,1240,1754,cross,517,939,565,989
doc_img10.png-000001.png,1240,1754,cross,407,1021,454,1063
doc_img10.png-000001.png,1240,1754,cross,687,1021,734,1063
doc_img2.png-000001.png,1240,1754,cross,156,299,197,338
doc_img2.png-000001.png,1240,1754,cross,541,899,582,938
doc_img2.png-000001.png,1240,1754,cross,693,971,736,1009
doc_img3.png-000001.png,1240,1754,cross,91,168,140,218
doc_img3.png-000001.png,1240,1754,cross,89,268,138,318
doc_img3.png-000001.png,1240,1754,cross,312,986,355,1028
doc_img3.png-000001.png,1240,1754,cross,656,987,701,1028
doc_img4.png-000001.png,1240,1754,cross,138,188,181,231
doc_img4.png-000001.png,1240,1754,cross,135,276,178,319
doc_img4.png-000001.png,1240,1754,cross,135,430,178,473
doc_img4.png-000001.png,1240,1754,cross,506,856,547,897
doc_img4.png-000001.png,1240,1754,cross,339,925,379,963
doc_img4.png-000001.png,1240,1754,cross,391,966,431,1004
doc_img5.png-000001.png,1240,1754,cross,64,151,109,198
doc_img5.png-000001.png,1240,1754,cross,292,974,338,1013
doc_img5.png-000001.png,1240,1754,cross,125,1059,173,1103
doc_img5.png-000001.png,1240,1754,cross,354,1018,401,1060
doc_img6.png-000001.png,1240,1754,cross,29,156,79,204
doc_img6.png-000001.png,1240,1754,cross,269,972,317,1012
doc_img6.png-000001.png,1240,1754,cross,333,1018,381,1058
doc_img7.png-000001.png,1240,1754,cross,62,150,110,192
doc_img7.png-000001.png,1240,1754,cross,60,250,108,292
doc_img7.png-000001.png,1240,1754,cross,58,420,106,462
doc_img7.png-000001.png,1240,1754,cross,486,893,534,935
doc_img7.png-000001.png,1240,1754,cross,294,970,336,1011
doc_img7.png-000001.png,1240,1754,cross,126,1057,173,1102
doc_img7.png-000001.png,1240,1754,cross,354,1016,399,1055
doc_img8.png-000001.png,1240,1754,cross,98,267,143,312
doc_img8.png-000001.png,1240,1754,cross,96,435,141,480
doc_img8.png-000001.png,1240,1754,cross,289,902,331,942
doc_img8.png-000001.png,1240,1754,cross,317,978,359,1018
doc_img8.png-000001.png,1240,1754,cross,275,1023,317,1063
doc_img9.png-000001.png,1240,1754,cross,158,284,200,325
doc_img9.png-000001.png,1240,1754,cross,158,369,200,410
doc_img9.png-000001.png,1240,1754,cross,155,517,197,558
doc_img9.png-000001.png,1240,1754,cross,546,924,588,965
doc_img9.png-000001.png,1240,1754,cross,447,990,487,1025
doc_img9.png-000001.png,1240,1754,cross,700,992,740,1027
