<annotation>
	<folder>pdf</folder>
	<filename>doc_img1.png-000001.png</filename>
	<path>C:/Users/srastatu/Pictures/DTA_project/pdf/doc_img1.png-000001.png</path>
	<source>
		<database>Unknown</database>
	</source>
	<size>
		<width>1240</width>
		<height>1754</height>
		<depth>1</depth>
	</size>
	<segmented>0</segmented>
	<object>
		<name>cross</name>
		<pose>Unspecified</pose>
		<truncated>0</truncated>
		<difficult>0</difficult>
		<bndbox>
			<xmin>114</xmin>
			<ymin>257</ymin>
			<xmax>136</xmax>
			<ymax>280</ymax>
		</bndbox>
	</object>
	<object>
		<name>cross</name>
		<pose>Unspecified</pose>
		<truncated>0</truncated>
		<difficult>0</difficult>
		<bndbox>
			<xmin>310</xmin>
			<ymin>940</ymin>
			<xmax>332</xmax>
			<ymax>963</ymax>
		</bndbox>
	</object>
	<object>
		<name>cross</name>
		<pose>Unspecified</pose>
		<truncated>0</truncated>
		<difficult>0</difficult>
		<bndbox>
			<xmin>392</xmin>
			<ymin>1016</ymin>
			<xmax>414</xmax>
			<ymax>1039</ymax>
		</bndbox>
	</object>
</annotation>
