<annotation>
	<folder>pdf</folder>
	<filename>doc_img9.png-000001.png</filename>
	<path>C:\Users\srastatu\Pictures\DTA_project\pdf\doc_img9.png-000001.png</path>
	<source>
		<database>Unknown</database>
	</source>
	<size>
		<width>1240</width>
		<height>1754</height>
		<depth>3</depth>
	</size>
	<segmented>0</segmented>
	<object>
		<name>cross</name>
		<pose>Unspecified</pose>
		<truncated>0</truncated>
		<difficult>0</difficult>
		<bndbox>
			<xmin>158</xmin>
			<ymin>284</ymin>
			<xmax>200</xmax>
			<ymax>325</ymax>
		</bndbox>
	</object>
	<object>
		<name>cross</name>
		<pose>Unspecified</pose>
		<truncated>0</truncated>
		<difficult>0</difficult>
		<bndbox>
			<xmin>158</xmin>
			<ymin>369</ymin>
			<xmax>200</xmax>
			<ymax>410</ymax>
		</bndbox>
	</object>
	<object>
		<name>cross</name>
		<pose>Unspecified</pose>
		<truncated>0</truncated>
		<difficult>0</difficult>
		<bndbox>
			<xmin>155</xmin>
			<ymin>517</ymin>
			<xmax>197</xmax>
			<ymax>558</ymax>
		</bndbox>
	</object>
	<object>
		<name>cross</name>
		<pose>Unspecified</pose>
		<truncated>0</truncated>
		<difficult>0</difficult>
		<bndbox>
			<xmin>546</xmin>
			<ymin>924</ymin>
			<xmax>588</xmax>
			<ymax>965</ymax>
		</bndbox>
	</object>
	<object>
		<name>cross</name>
		<pose>Unspecified</pose>
		<truncated>0</truncated>
		<difficult>0</difficult>
		<bndbox>
			<xmin>447</xmin>
			<ymin>990</ymin>
			<xmax>487</xmax>
			<ymax>1025</ymax>
		</bndbox>
	</object>
	<object>
		<name>cross</name>
		<pose>Unspecified</pose>
		<truncated>0</truncated>
		<difficult>0</difficult>
		<bndbox>
			<xmin>700</xmin>
			<ymin>992</ymin>
			<xmax>740</xmax>
			<ymax>1027</ymax>
		</bndbox>
	</object>
</annotation>
