<annotation>
	<folder>pdf</folder>
	<filename>doc_img4.png-000001.png</filename>
	<path>C:\Users\srastatu\Pictures\DTA_project\pdf\doc_img4.png-000001.png</path>
	<source>
		<database>Unknown</database>
	</source>
	<size>
		<width>1240</width>
		<height>1754</height>
		<depth>1</depth>
	</size>
	<segmented>0</segmented>
	<object>
		<name>cross</name>
		<pose>Unspecified</pose>
		<truncated>0</truncated>
		<difficult>0</difficult>
		<bndbox>
			<xmin>138</xmin>
			<ymin>188</ymin>
			<xmax>181</xmax>
			<ymax>231</ymax>
		</bndbox>
	</object>
	<object>
		<name>cross</name>
		<pose>Unspecified</pose>
		<truncated>0</truncated>
		<difficult>0</difficult>
		<bndbox>
			<xmin>135</xmin>
			<ymin>276</ymin>
			<xmax>178</xmax>
			<ymax>319</ymax>
		</bndbox>
	</object>
	<object>
		<name>cross</name>
		<pose>Unspecified</pose>
		<truncated>0</truncated>
		<difficult>0</difficult>
		<bndbox>
			<xmin>135</xmin>
			<ymin>430</ymin>
			<xmax>178</xmax>
			<ymax>473</ymax>
		</bndbox>
	</object>
	<object>
		<name>cross</name>
		<pose>Unspecified</pose>
		<truncated>0</truncated>
		<difficult>0</difficult>
		<bndbox>
			<xmin>506</xmin>
			<ymin>856</ymin>
			<xmax>547</xmax>
			<ymax>897</ymax>
		</bndbox>
	</object>
	<object>
		<name>cross</name>
		<pose>Unspecified</pose>
		<truncated>0</truncated>
		<difficult>0</difficult>
		<bndbox>
			<xmin>339</xmin>
			<ymin>925</ymin>
			<xmax>379</xmax>
			<ymax>963</ymax>
		</bndbox>
	</object>
	<object>
		<name>cross</name>
		<pose>Unspecified</pose>
		<truncated>0</truncated>
		<difficult>0</difficult>
		<bndbox>
			<xmin>391</xmin>
			<ymin>966</ymin>
			<xmax>431</xmax>
			<ymax>1004</ymax>
		</bndbox>
	</object>
</annotation>
