<annotation>
	<folder>pdf</folder>
	<filename>doc_img3.png-000001.png</filename>
	<path>C:\Users\srastatu\Pictures\DTA_project\pdf\doc_img3.png-000001.png</path>
	<source>
		<database>Unknown</database>
	</source>
	<size>
		<width>1240</width>
		<height>1754</height>
		<depth>3</depth>
	</size>
	<segmented>0</segmented>
	<object>
		<name>cross</name>
		<pose>Unspecified</pose>
		<truncated>0</truncated>
		<difficult>0</difficult>
		<bndbox>
			<xmin>91</xmin>
			<ymin>168</ymin>
			<xmax>140</xmax>
			<ymax>218</ymax>
		</bndbox>
	</object>
	<object>
		<name>cross</name>
		<pose>Unspecified</pose>
		<truncated>0</truncated>
		<difficult>0</difficult>
		<bndbox>
			<xmin>89</xmin>
			<ymin>268</ymin>
			<xmax>138</xmax>
			<ymax>318</ymax>
		</bndbox>
	</object>
	<object>
		<name>cross</name>
		<pose>Unspecified</pose>
		<truncated>0</truncated>
		<difficult>0</difficult>
		<bndbox>
			<xmin>312</xmin>
			<ymin>986</ymin>
			<xmax>355</xmax>
			<ymax>1028</ymax>
		</bndbox>
	</object>
	<object>
		<name>cross</name>
		<pose>Unspecified</pose>
		<truncated>0</truncated>
		<difficult>0</difficult>
		<bndbox>
			<xmin>656</xmin>
			<ymin>987</ymin>
			<xmax>701</xmax>
			<ymax>1028</ymax>
		</bndbox>
	</object>
</annotation>
